,s_id,roaduser_id,startx_axis,starty_axis,endx_axis,endy_axis,speed,max_speed,numberofcycle,start_cycle,user_type
0,1,v17,70.54485905,47.8001138,-6.214010238968704,2.944597789469551,1.846916271,4,48,0,2
1,1,p1,49.91721891,41.06579529,57.95865278073345,18.480516612656952,0.8589329109999999,1.2,35,0,1
2,1,p2,48.40021286,41.05862478,55.92182100984214,13.002032729784213,1.5096006530000001,1.2,39,8,1
3,1,p55,53.27450905,30.02052227,43.78336549693314,52.48290016478961,0.9667628090000001,1.2,31,1,1
4,1,p83,64.5708669,36.14254072,54.501918179006914,56.55959482859178,0.634111569,1.2,36,0,1
5,1,p84,65.25332922,35.73051134,55.37440143675156,57.105118953968564,0.632200645,1.2,36,0,1
6,1,p85,64.92880953,34.93094354,54.11785317362028,56.21118331316008,1.113002333,1.2,39,2,1
7,2,p91,69.18114575,39.12530028,47.586189708985,50.74139432625605,1.115358522,1.2,90,53,1
8,2,p92,71.54255219,39.05409633,48.78137228671682,50.65798095188598,1.10549095,1.2,90,53,1
9,2,p93,70.79977426,39.77792265,49.42342012097858,51.26996108181228,0.956132476,1.2,90,55,1
10,2,v22,80.12617699,53.42898363,5.1580310579533375,10.222793108282147,1.394422124,4,90,53,2
11,3,v23,69.97316489,46.75931443,28.9655061699574,26.85832685023833,2.240094919,4,103,83,2
12,3,p133,58.66504633,43.27474903,67.98356652658879,31.827607896537735,0.307270838,1.2,103,83,1
12,3,p133,58.66504633,43.27474903,67.98356652658879,31.827607896537735,0.307270838,1.2,103,83,1
13,3,p134,57.61617483,42.85349068,67.11861487040038,31.457505842740503,0.24241865199999998,1.2,103,83,1
14,3,p94,62.63507241,39.97871914,52.84308677224079,55.260516689847776,1.17855963,1.2,103,83,1
15,3,p95,63.44436751,39.90294465,51.77873729919074,53.31643701668173,1.2407755790000001,1.2,103,83,1
16,3,p96,63.76646275,40.10283756,52.138999079870494,53.48134631242785,1.2588665,1.2,103,83,1
17,4,p136,57.54979588,43.31180029,68.84913941019218,29.342073540776056,0.48876421200000003,1.2,120,94,1
18,4,v23,64.52525357,44.09817564,24.07399504421773,21.618372112480362,0.962943698,4,120,94,2
19,5,v25,64.61382761,44.30878254,23.563201743287927,20.69080960184987,2.4254783069999997,4,148,123,2
20,5,p4,51.47906326,37.968633600000004,54.98901272079188,14.666351131277512,1.417717515,1.2,148,123,1
21,5,p5,48.91310945,39.38703876,52.653018786510415,18.38648556465002,0.8193212240000001,1.2,148,123,1
22,5,p6,50.43065032,39.98284239,52.467755910007355,18.16833388114224,0.984178619,1.2,148,123,1
23,5,p7,49.68556112,41.79767666,63.616004202712276,25.68746522098624,1.096411358,1.2,148,124,1
24,5,p8,49.63074108,40.849103899999996,63.58503873635639,25.74541231294178,1.1024149140000001,1.2,148,125,1
25,6,v25,57.72761021,40.34456343,20.110253304588262,17.228729658340075,0.478330428,4,164,140,2
26,6,p58,52.09059159,33.11017909,43.63571145219445,49.25175913109373,1.012145405,1.2,164,140,1
27,6,p57,53.04286797,33.22931887,44.44867062054191,49.81437644920036,1.111764816,1.2,164,140,1
28,7,v25,52.68302211,37.27634785,-8.222326183524377,1.6876139086376973,3.501525867,4,175,155,2
29,7,p11,42.12868647,34.191806899999996,45.463437110373526,20.301897815299682,0.017455685,1.2,178,155,1
30,8,v6,42.37529047,27.23010934,83.57462856711969,53.74417590259094,1.5872111169999998,4,292,272,2
31,8,p61,53.5042663,29.17512419,49.88319253691649,47.9048360992594,1.567647739,1.2,292,272,1
32,8,p24,49.10165575,34.8705644,56.668757063483305,16.493434593219263,1.106061652,1.2,292,272,1
33,8,p23,49.82281361,34.96892414,57.27853199164678,16.614081058715673,1.146694364,1.2,292,272,1
34,9,v28,70.87958073,47.69735356,-5.5097986959686835,4.743052452401837,1.969674085,4,386,332,2
35,9,v29,76.36381294,50.6874696,-3.473161994755877,5.2398684686959065,2.763459759,4,391,332,2
36,9,p112,62.82820008,36.62736841,53.56711734437496,56.10354436920701,0.552129171,1.2,379,332,1
37,9,p113,62.94487371,37.37592744,55.57295119894552,55.12357865829567,0.315922438,1.2,371,332,1
38,9,p114,77.94077508,45.9313713,54.458242994540996,52.571605212540966,1.8854389919999999,1.2,361,332,1
39,10,v31,73.56721353,49.28369377,35.44271842097128,26.034247200092,1.185337359,4,383,368,2
40,10,p150,65.21984011,46.41763198,65.11505994494344,34.4062387999946,0.059995304000000006,1.2,383,368,1
41,10,p151,65.78000012,46.77988054,61.97642882096279,35.36381122428128,0.020227788,1.2,383,368,1
42,11,p117,62.79586258,40.32785201,56.86706689330988,57.97771844578683,1.309623213,1.2,396,374,1
43,11,p116,62.27244402,40.30841523,57.394965541925245,59.68237779837605,1.1572989870000001,1.2,398,374,1
44,11,p152,61.65772278,44.85771363,72.35963580921975,31.19614083528491,0.032809767999999996,1.2,398,374,1
45,11,p153,60.96599849,44.39487266,71.17209936613611,30.72238249145262,0.004489048,1.2,398,374,1
46,11,v31,68.74086507,46.32912781,31.05855389726287,23.238763136092253,2.0071490830000003,4,398,374,2
47,11,p115,62.86570627,37.981305400000004,48.97360698471428,52.0786878521148,0.9171092820000001,1.2,398,374,1
48,12,v33,75.35819334,50.51004387,37.17983128481015,25.996722717761312,0.672320912,4,426,400,2
49,12,v34,82.13258291,54.564868999999995,40.98719171891273,32.32919594611125,0.19760260300000002,4,426,400,2
50,12,p154,66.48662099,49.11304071,71.4634264617489,29.37656587487453,0.40374644600000004,1.2,426,400,1
51,12,p155,67.25083173,48.92522741,73.24772637665359,30.0377763642431,0.54559371,1.2,426,400,1
52,12,p118,68.62571779999999,39.42481656,61.019491694046664,60.83444550332556,0.07314246099999999,1.2,426,400,1
53,13,v10,55.28682062,35.212007899999996,91.24189723605537,56.62463037143317,0.074587652,4,442,419,2
54,13,p156,59.20396792,39.81814582,61.758924654672505,23.481435444506168,2.025829395,1.2,433,419,1
55,13,p157,58.87219981,39.32926849,61.855915296888064,24.16200540736105,2.131261112,1.2,432,419,1
56,13,p119,63.42527354,34.48700913,55.90043132995546,51.89430209542733,0.9943210379999999,1.2,442,420,1
57,13,p120,63.8148706,34.75360652,57.21097600820006,53.51246640157267,0.8644573609999999,1.2,442,420,1
58,14,v34,67.07741474,46.13181584,24.180070096265162,20.35680163227598,1.6618595840000001,4,450,429,2
59,14,p119,61.47424912,39.00253266,51.14176885940163,54.87152677282835,1.241966613,1.2,450,429,1
60,14,p120,61.90140011,39.97206055,53.25213603212666,56.34151722396976,1.546639221,1.2,448,429,1
61,15,v13,44.13934442,28.46337136,79.56114385347125,50.54485372534685,1.232316362,4,466,445,2
62,15,p63,52.31216527,29.02771971,44.59834995575165,43.33122684087191,1.1800748220000001,1.2,466,445,1
63,16,v13,45.616623700000005,29.38428777,87.19835826492962,53.17425603862918,0.0,4,488,456,2
64,16,p41,51.37715354,34.7109821,58.38584511186315,15.814965406104646,1.75168006,1.2,474,456,1
65,16,p42,49.18808056,33.68360145,50.31894189952637,14.068352698847438,1.255754936,1.2,476,456,1
66,16,p43,51.07572784,37.55293845,56.38513390688791,16.531083698669846,1.532890191,1.2,478,456,1
67,16,p44,49.60759544,38.57844068,58.879008011467356,14.975308483148606,1.2232658220000001,1.2,486,456,1
68,16,p64,54.88218009,28.07759916,49.898046853788735,49.72923540415948,1.6854016280000002,1.2,488,465,1
69,16,p45,48.96466316,38.23199018,58.74597450805303,15.324342059403001,0.790981383,1.2,488,456,1
70,16,v14,39.09816076,24.72146725,78.90422206372112,52.24600723226456,0.0,4,488,456,2
71,17,v14,46.00358054,29.49633059,88.26687583643015,54.85591953665471,1.227171262,4,500,478,2
72,17,p66,53.87600849,30.16373399,51.70239164873134,43.25659117297761,0.6344462329999999,1.2,500,478,1
73,18,v36,70.87355601,48.29502446,29.006601391417064,23.295028490389747,2.626102286,4,486,466,2
74,18,p121,63.54933517,38.91451404,55.46589657529825,56.76630486085993,0.239990428,1.2,486,466,1
75,19,v37,62.46336532,43.12498657,27.208182414454193,19.041447454671644,1.9514246769999999,4,513,498,2
76,19,p66,51.941357200000006,35.42351546,46.246478692487656,50.644538968631245,1.8440669459999999,1.2,513,498,1
77,20,v37,60.23724189,41.60427596,25.346182323078096,18.23019068047033,0.535372008,4,527,503,2
78,20,p67,53.38258202,34.30599519,51.68322826851379,52.196245484754556,0.738337812,1.2,527,503,1
79,20,p68,52.66058425,32.60273581,50.38159283010161,52.674608118270115,1.147793393,1.2,527,503,1
80,20,p46,47.7701134,38.86382884,52.339802520993004,19.19812301208059,0.266836681,1.2,527,503,1
81,20,p47,48.54716512,39.31582527,53.94915237963137,21.226032264961752,0.343593625,1.2,527,503,1
82,20,p48,48.29607454,41.35948873,56.509556167050654,24.664385878354164,0.784165662,1.2,527,504,1
83,21,v38,74.3839042,49.96022944,32.651751746789245,23.93388813248175,3.581530675,4,536,520,2
84,21,p160,61.96082633,45.2195088,64.21923770019554,33.368791788251,0.020897566,1.2,536,520,1
85,22,p122,62.469147899999996,39.91552052,51.6919363886624,52.70293231301201,1.2417453459999999,1.2,544,526,1
86,22,v38,66.59223019,45.10093618,28.671583402670606,20.82469690708694,2.271311452,4,544,526,2
87,23,v38,57.0233751,38.38879914,17.372854094715535,22.325090232183577,0.959634488,4,555,542,2
88,23,p49,48.27051535,34.22233236,49.2789849980472,20.689104211404167,1.096017314,1.2,555,542,1
89,23,p50,47.63442846,34.28469856,48.20303274958397,20.546960029189513,1.2001138709999999,1.2,555,542,1
90,24,v38,53.22564172,36.87891342,6.253301928919363,13.329630817312395,2.60977642,4,562,546,2
91,24,p70,52.23727409,32.89023761,49.25887913135902,47.154872478107244,0.8746780740000001,1.2,562,546,1
92,24,p71,52.8915981,33.32240554,48.494191841254334,47.264410484609016,0.7989807409999999,1.2,562,546,1
93,25,v15,41.25069415,26.241976899999997,78.39681320770055,52.78055026289202,2.433351917,4,562,546,2
94,25,p49,48.5043109,32.18690011,52.8438723033823,17.81087650447541,0.965893718,1.2,562,546,1
95,25,p50,47.83918920000001,32.02067751,52.322945061641384,17.34747816452117,1.0644388,1.2,562,546,1
96,26,p161,72.53708566,51.82229054,68.80529580839217,29.676463069245273,1.3658639030000002,1.2,554,529,1
97,26,p162,67.28626057,49.83158212,63.70682162343207,30.644700330839,1.288330848,1.2,554,530,1
98,26,p163,67.07805677,50.71796591,62.544969113655426,30.80367713725997,1.430604279,1.2,554,529,1
99,26,v39,72.58013854,48.68309022,33.834934244012246,26.637651465543374,2.598679113,4,554,529,2
100,27,v16,42.47161362,27.06641881,89.52081246394079,57.292438126680516,1.060465816,4,584,560,2
101,27,p52,49.58337087,35.21331101,54.898385793020836,14.145380051760537,1.4299545980000001,1.2,583,560,1
102,27,p51,50.34326066,35.67543724,55.93371496653005,13.96234428775982,1.33528163,1.2,584,560,1
103,28,v40,36.65308441,23.41693472,71.50614879182832,46.60433704841885,0.074686567,4,604,584,2
104,28,p53,47.726070799999995,32.04011892,49.56229101344033,14.12999849223606,1.157430142,1.2,604,584,1
105,28,p54,47.04938285,31.55085219,48.8645340843642,14.124825718718938,1.27021111,1.2,604,584,1
106,29,v41,27.84117848,16.34752923,71.6369955907847,49.59750591059475,1.96715267,4,620,600,2
107,29,p226,38.86870704,18.53821403,29.50612909678189,32.35630755095027,1.58954455,1.2,620,602,1
108,29,p225,41.10002409,20.42881249,27.418569186080795,29.985063299910248,0.608824508,1.2,620,600,1
109,30,p228,30.4630587,21.58939281,24.9188086051334,37.24333445577303,1.583753556,1.2,696,680,1
110,30,v68,38.01650874,29.21908143,-1.5521296666744107,5.361588722428852,2.425475474,4,696,680,2
111,31,p177,39.43583602,32.84082306,43.56431974392741,20.415016165101413,0.587560107,1.2,699,682,1
112,31,v69,47.97650039,34.76700315,3.2695710709031403,9.130587439431633,3.697635215,4,699,682,2
113,32,v45,48.11045272,30.93865001,84.94658444999192,52.67548660189172,2.00669268,4,727,714,2
114,32,p183,53.78826209,37.08810864,64.71619936897423,26.71805682922989,2.007402791,1.2,727,714,1
115,32,p184,54.27256145,37.53754865,65.38776967691857,27.55617233195671,2.12982287,1.2,727,714,1
116,33,v49,42.50112225,26.8824458,78.96825782598452,49.01087169981744,1.888423793,4,781,765,2
117,33,p188,46.38111142,33.23332538,54.23706675496032,17.792992700370995,1.459079174,1.2,781,765,1
118,34,p189,51.46818924,34.72181707,60.348535560112374,20.28591493983798,0.972277085,1.2,802,784,1
119,34,p191,52.46472392,35.29485222,60.7563153498194,19.650145370433595,0.897255831,1.2,802,784,1
120,34,p192,52.50563475,37.44896522,65.4860486953298,26.909861687753413,1.560067469,1.2,800,784,1
121,34,v51,46.18812017,29.30995472,82.33362986969317,53.066037340250986,1.7703405669999999,4,802,784,2
122,35,v51,48.65585373,30.93619959,84.52652696409731,51.17388393383011,0.661456837,4,816,789,2
123,35,p193,52.47192692,39.21586389,63.11503398955589,25.196507392795368,0.626163284,1.2,814,789,1
124,35,p194,48.82953678,40.85118725,60.16584687155747,20.85139972197521,1.4481112230000002,1.2,816,792,1
125,36,v73,61.95806063,42.74649439,25.388878309618278,23.13649428437984,1.208706496,4,804,784,2
126,36,p193,52.15696282,40.84994629,57.05766000018205,26.728146976140053,0.675127237,1.2,804,784,1
127,37,v74,59.38020096,41.35120139,7.026682822193223,10.990852056516882,1.593264129,4,837,811,2
128,37,p197,51.265211,39.14374478,59.82038346090742,18.035083197850863,0.455157483,1.2,837,811,1
129,38,v75,69.76842490000001,47.29509655,36.661722775412194,24.64376226110236,0.003138625,4,825,798,2
130,38,p292,67.77888101,42.73619133,66.33845893948089,61.86431180007663,1.2364916259999998,1.2,819,798,1
131,38,p325,65.23900797,47.65797307,77.34651101575503,36.956225634558784,0.535125136,1.2,825,798,1
132,38,v74,65.26255502,44.79252974,23.462583476001015,20.351892169755555,0.0,4,825,798,2
133,39,v74,61.75176685,42.70810728,23.199235961387295,20.48884135343884,2.067933956,4,826,808,2
134,39,p197,50.72787806,39.79009198,59.05460136380515,27.290099169551368,0.8507483809999999,1.2,826,808,1
135,40,v77,60.83574253,41.69752481,21.130732556304913,19.06412091316524,2.647533181,4,858,836,2
136,40,p233,55.80444065,35.65784346,45.1752211321243,50.73420255354571,0.799910881,1.2,857,836,1
137,40,p199,49.72748058,40.22935743,54.122936891764915,23.851167557063324,0.16480748,1.2,858,836,1
138,41,v52,46.99787728,30.27956954,90.51084050345281,56.13563739191734,2.835326911,4,896,866,2
139,41,p200,51.17455154,36.52168816,60.95810469408418,18.462123507783613,1.1140085229999999,1.2,890,866,1
140,41,p201,46.4538597,37.1255864,67.7843813094567,30.6071389077367,1.0886857140000001,1.2,890,866,1
141,41,p202,48.52212973,40.72123575,58.05974650419027,23.94599374108321,1.173045628,1.2,896,866,1
142,42,v301,50.46899682,32.37179336,90.35190740460777,56.87199731502031,3.279959981,4,932,910,2
143,42,p329,59.78910152,38.4654853,74.9613899855471,30.895434309828868,0.797754592,1.2,932,910,1
144,42,p330,58.2311906,38.91240484,73.4420268558259,31.786568493350096,0.862974362,1.2,932,910,1
145,43,p205,46.33313615,32.93215576,54.80935504738955,17.67693086673162,1.26895126,1.2,939,922,1
146,43,p206,45.06423437,32.65535716,55.279991729914386,19.592730996273318,1.084273858,1.2,939,922,1
147,43,v53,40.09679309,26.12821114,75.60804140052409,50.08676577955815,2.828141435,4,939,922,2
148,44,v55,38.14025906,24.46546182,78.44815339376993,51.61325218904497,3.6120067860000002,4,954,940,2
149,44,p209,40.76193206,29.3024517,37.95880896478042,14.501059100981818,1.428935216,1.2,954,940,1
150,44,p210,41.04291522,31.65890658,38.92476954533606,16.968125738844456,1.116300937,1.2,954,940,1
151,45,v55,62.87128241,39.24559963,106.97646694167572,65.83165168626537,3.629244082,4,970,954,2
152,45,p301,70.18222315,41.34012261,57.69084988510783,46.286713804638154,0.72500069,1.2,970,954,1
153,46,v84,70.09409287,47.54222657,36.6506117109429,24.41152047754671,0.634429085,4,984,969,2
154,46,p301,66.29870737,44.190409,64.34603876721138,58.3535670075606,0.750556957,1.2,984,969,1
155,46,v330,63.19137125,45.92941835,27.945439590841204,23.470498602467508,0.968635551,4,984,969,2
156,47,v57,44.77732635,28.99814906,83.68499924679415,56.556219423008315,3.804294746,4,996,982,2
157,47,p239,52.38945343,32.2107859,43.123494572528735,41.12948409296704,0.25547555899999996,1.2,996,982,1
158,47,p240,52.83370128,31.629124800000003,42.181149888670426,38.8662084887468,0.480541066,1.2,996,982,1
159,48,v84,60.81160348,40.85854782,18.148532774761954,22.147524792837277,2.0204177519999997,4,1019,1003,2
160,48,p215,51.50300289,36.93600426,58.57476924705553,22.827647438991605,1.414041712,1.2,1019,1003,1
161,48,p216,50.24413642,37.84349147,57.17820978119236,23.814313445586738,1.124526115,1.2,1019,1003,1
162,49,v87,51.61315863,36.57928241,14.54622299260464,17.221325784638168,0.0,4,1067,1050,2
163,49,p247,46.61284381,31.11005332,38.63420283449134,47.28480229767662,0.9788631879999999,1.2,1067,1050,1
164,49,p248,47.13303477,31.18071504,39.922710812566876,47.7955025793336,0.817182669,1.2,1067,1050,1
165,49,p251,42.36309755,31.88621589,47.94868485721944,49.061581248136825,1.668796121,1.2,1067,1050,1
166,49,p252,41.80806651,30.30349526,49.94228249679452,46.71811366909468,1.7860846000000001,1.2,1067,1050,1
167,50,v58,70.46529654,43.82859493,110.13961964717055,69.8645983068306,3.3190485460000003,4,1072,1054,2
168,50,p339,79.10776708,51.20172464,87.31607666961567,37.33181709204471,1.18654687,1.2,1072,1054,1
169,51,p314,60.54724423,40.27446433,50.82615353944571,54.346371893770915,1.41212028,1.2,1097,1079,1
170,51,p343,59.95320213,43.88030781,68.18685682649381,29.54340078185674,0.453379074,1.2,1100,1079,1
171,51,v89,72.03997149,47.82555088,30.148672669877662,20.733250871888714,4.372698515,4,1100,1079,2
172,52,v61,49.85795641,32.06665215,84.47261315558441,55.722289119697464,1.90468784,4,1136,1118,2
173,52,v62,42.26852048,27.29321027,78.92274345098461,51.339027818813875,3.185039367,4,1136,1118,2
174,52,p261,56.09674989,35.1330563,47.165305462731695,49.80137237500849,1.567877073,1.2,1136,1119,1
175,52,p262,56.46395695,35.98781497,47.82575308979632,49.52157586773133,1.596139045,1.2,1135,1120,1
176,53,v64,36.63527941,23.09661146,73.02492470693986,48.39336100933541,1.4049117290000002,4,1159,1142,2
177,53,p221,40.82121861,30.07344085,48.80744155474078,14.393878030136134,1.232522067,1.2,1159,1142,1
178,54,v65,55.88597096,35.57577484,103.48117339638694,62.72975951471639,5.814902701,4,1182,1166,2
179,54,p317,66.5640003,38.04076655,64.78131672292353,52.83031894780051,0.521105112,1.2,1182,1166,1
180,55,v90,63.86982003,42.71290872,22.325522189280697,20.854702539090027,1.713541744,4,1122,1106,2
181,55,p344,57.41525128,42.79108474,64.3109331377704,31.229215682724558,0.9153205640000001,1.2,1122,1106,1
182,56,v59,53.08517714,34.21366253,92.84640383411386,55.911678252925114,2.400178417,4,1106,1089,2
183,56,p343,61.94002402,40.44553272,69.18260421336838,26.759815305132506,1.129617307,1.2,1106,1089,1
184,56,p340,62.59013137,37.00957296,68.61829652453267,23.805891196617477,0.900187442,1.2,1104,1089,1
185,57,p344,57.41525128,42.79108474,65.33727605844352,29.925421245221973,0.9153205640000001,1.2,1128,1106,1
186,57,p260,56.31851855,35.05727711,49.85657547065557,49.558503294514594,1.057007601,1.2,1128,1112,1
187,57,v91,71.47306452,47.85726254,30.831485743860583,25.681046184658577,0.333262403,4,1128,1106,2
188,58,v78,64.65460107,44.22395443,4.8259969014915,11.069112511507424,2.1039608,4,874,844,2
189,58,p328,57.47831062,44.55873192,66.41174413028139,28.3919343984638,0.836974553,1.2,874,845,1
190,58,p326,58.76988722,45.24419751,67.2285157749969,28.288695363211865,0.8506583409999999,1.2,874,846,1
191,58,p294,63.44692669,37.68681715,52.13295078700473,55.324827989585955,0.150974831,1.2,874,844,1
192,59,p217,45.44240159,38.98040036,41.39854577699351,23.447500492016292,1.264987405,1.2,1040,1002,1
193,59,p218,44.99827571,38.63297106,40.21235308646518,23.261101018563295,1.322179959,1.2,1040,1004,1
194,59,v85,69.76848163,45.88580741,-6.904376407706707,3.2408364936491125,1.8292521640000001,4,1040,1002,2
195,60,p304,69.528076,39.44304133,46.86450150680755,49.93307151027366,1.877318366,1.2,1012,982,1
196,60,p305,63.6549056,34.59236893,51.42124370471394,52.23119933183024,0.9283151070000001,1.2,1013,981,1
197,60,v57,43.24328632,27.87037054,120.46229126855938,73.18541959724828,3.7886253439999997,4,1013,981,2
198,61,p343,59.33968481,45.12756606,70.48638620173712,26.29500388049499,0.717338907,1.2,1113,1074,1
199,61,v89,82.07314983,54.27564042,5.854483400916628,11.517942324734285,5.094471458,4,1113,1074,2
200,62,p217,44.43003376,35.15062969,43.33979835584738,23.109290363561446,0.298356423,1.2,1040,1012,1
201,62,p218,43.81454279,34.93431804,41.85908674095874,22.87330341824538,0.465279726,1.2,1040,1012,1
202,62,v87,74.56241163,49.95527153,25.767407233867758,18.113706022342086,2.034282136,4,1040,1013,2
203,63,v116,61.4123921,42.25259337,24.52700772059888,22.021272422716184,0.9553950640000001,4,1213,1194,2
204,63,p464,57.47322287,43.37269659,72.37138968810845,45.312446642336866,0.703341715,1.2,1213,1196,1
205,63,p273,56.09105783,35.91331665,46.039587309916286,50.06847141086611,1.492650622,1.2,1212,1194,1
206,64,v119,75.96295851,50.61581218,29.639540906681198,24.70449318695328,4.56647955,4,1243,1228,2
207,64,p467,66.70120348,48.18920766,75.13353444406965,39.1617674522669,0.029685395,1.2,1243,1228,1
208,65,p349,51.28048105,40.02201617,58.91627057235216,25.88201394162682,0.174741557,1.2,1296,1278,1
209,65,p350,50.28721256,39.41852318,56.39634733650796,25.1678306900833,0.48004673299999995,1.2,1296,1278,1
210,65,v121,63.816018500000006,43.32524083,21.23363880667214,23.63150441994237,2.154598343,4,1296,1278,2
211,66,v122,61.65269433,42.34667006,20.514254007139236,20.02183703378146,4.208304831,4,1309,1294,2
212,66,p386,55.2130666,37.53539023,46.784647453110466,49.341217758016086,1.6500701169999998,1.2,1307,1294,1
213,67,v96,45.91722618,29.51387241,82.68397951360507,50.74735711499639,3.242538725,4,1330,1314,2
214,67,p388,54.55548975,31.09971884,40.52270758508101,37.75453388453888,1.145559148,1.2,1330,1314,1
215,68,v96,50.06037218,31.80691459,86.395202176465,48.77055501554243,0.13915429,4,1368,1351,2
216,68,p393,54.11880105,30.8022489,51.159084450540114,45.848395702460884,1.1045117340000001,1.2,1368,1351,1
217,69,v308,47.22339677,30.26051979,90.31273546854229,56.0597439167509,2.209364851,4,1382,1366,2
218,69,p394,54.31388808,29.704194899999997,48.89207521780834,43.7890371409465,1.436244131,1.2,1382,1366,1
219,70,v126,72.11153076,48.41778789,32.83180250943545,26.54345652024196,3.372045809,4,1384,1364,2
220,70,v127,79.38278677,52.39673211,37.873687105398936,29.19032382304449,3.48314836,4,1384,1365,2
221,70,p470,60.94276368,44.27364838,69.5338654678177,31.114159350077216,0.512916049,1.2,1384,1364,1
222,70,p469,60.25634747,45.47391013,71.72086317417454,35.06612927001693,0.420551898,1.2,1384,1364,1
223,71,p353,47.882595200000004,37.24126305,67.34401417303661,29.613271372097152,1.0154289509999999,1.2,1394,1370,1
224,71,p354,49.10309274,40.51911405,58.62629632166225,22.058123738802642,0.875844198,1.2,1396,1370,1
225,71,p355,48.52824896,40.53342645,58.17597551079686,21.601019632334168,0.918967027,1.2,1396,1370,1
226,71,p394,53.53366922,31.79771619,45.445856907632276,52.8314874963333,0.858629172,1.2,1396,1370,1
227,71,v97,42.96295046,27.58258841,84.32360399270937,50.389557472429466,2.187124437,4,1396,1370,2
228,71,v98,36.84067520000001,23.19127031,76.45758239506847,50.93215996938407,2.583898337,4,1396,1370,2
229,72,p396,55.24885316,37.39904097,45.58554780130892,49.52675620328593,1.2137242259999999,1.2,1410,1394,1
230,72,v127,61.26150629999999,42.03482731,24.00434613409827,20.334034736929002,1.437315027,4,1410,1394,2
231,73,v128,64.95530022,44.58459483,28.510114602869244,22.727371824824566,0.983961518,4,1422,1400,2
232,73,v129,69.97112091,47.24449693,33.4246610037201,26.511658921026747,1.338151716,4,1422,1400,2
233,73,p437,62.92797645,39.39864841,51.03714692595905,53.25842135600979,1.1763939079999999,1.2,1422,1400,1
234,74,v99,57.47134341,36.70207878,99.19270806713178,58.71832975633142,1.613733701,4,1442,1420,2
235,74,p471,61.15278467,41.86305072,69.53127387842741,25.032712471645304,1.2233515670000001,1.2,1442,1420,1
236,74,p472,60.54510471,42.2845381,68.32852818613489,25.56621364124133,1.222549747,1.2,1441,1420,1
237,74,p439,67.35324198,35.819439200000005,61.804494713153154,53.48646370897458,1.3458757780000001,1.2,1442,1423,1
238,75,v128,55.35935195,39.36492949,8.53028547430668,12.209787410764157,0.418917198,4,1454,1432,2
239,75,v129,59.29634501,41.12557013,17.18656299474612,17.10491139007007,0.481283652,4,1454,1432,2
240,75,p399,48.70364941,32.07233758,48.71415090459377,52.44119199514875,1.611078443,1.2,1454,1432,1
241,75,p400,43.31753293,29.938270899999996,47.03741757973557,49.85477117557953,1.4446606990000002,1.2,1454,1432,1
242,76,v101,50.41895317,32.40866107,88.32023103513583,55.79317495437438,0.965061728,4,1472,1456,2
243,76,p473,60.07945893,40.62683465,69.23248127461083,27.567278692702892,1.336438813,1.2,1472,1456,1
244,77,v104,26.32261152,15.39410853,61.14003379241785,43.98480730331612,2.0282282830000002,4,1478,1460,2
245,77,p401,35.93543648,18.54252104,26.78161349457911,32.432574990675896,0.899272513,1.2,1478,1460,1
246,78,p402,54.18836824,31.88044801,48.662341648668544,46.64202427760207,2.032039379,1.2,1483,1469,1
247,78,v103,43.99107995,28.04455736,82.21148688453565,51.45748106300576,2.6651838519999997,4,1483,1469,2
248,79,p361,52.95980478,34.24492097,59.664556950160915,20.839643751792792,1.4634933319999999,1.2,1502,1488,1
249,79,p362,52.27450472,33.54794478,59.445819395323184,20.674011120627462,1.3743766169999998,1.2,1502,1488,1
250,79,v104,44.54406482,28.71553641,80.91661435321983,53.04772235681787,1.416227551,4,1502,1488,2
251,80,v106,53.03813694,33.92794629,101.32434074998557,62.268918153581936,3.319895911,4,1533,1513,2
252,80,p445,64.59898232,38.11117123,58.80515925108345,49.050962555459236,0.05449579,1.2,1533,1513,1
253,81,v313,68.51850084,46.31402484,31.798628320101884,23.892446835571185,2.32735429,4,1542,1527,2
254,81,p445,63.48884034,40.39354943,60.990143665578465,56.19135927770682,1.350977591,1.2,1542,1527,1
255,82,p363,50.77321485,39.12180925,56.55367912736376,24.05810373112947,1.2343890990000002,1.2,1566,1550,1
256,82,v131,58.62917831,40.25802022,20.864677560853238,20.203930693354515,1.131084269,4,1566,1550,2
257,82,v132,63.75868439,43.57283065,25.64026107576911,23.087873550577406,1.8980191180000001,4,1566,1550,2
258,82,v133,71.37527046,48.1172374,32.450165966930086,24.765086838154456,2.3997388440000003,4,1566,1550,2
259,82,v134,77.68693853,51.96233909,38.3081242040029,28.578419425780183,2.301440849,4,1566,1551,2
260,83,v109,41.566421399999996,27.27377849,85.08237907154738,54.63571279759709,3.59025376,4,1620,1602,2
261,83,p364,52.95753944,34.6194064,56.082429822039664,19.27967305923071,0.809314882,1.2,1620,1602,1
262,83,p365,53.63003525,35.557980799999996,56.330170755075905,19.559079607831805,1.540504044,1.2,1620,1602,1
263,83,p366,55.69279827,35.82913833,61.04659276279517,24.353034782535183,1.3264633829999999,1.2,1613,1602,1
264,84,v302,42.8796719,27.41221258,98.02668811883112,60.10972806630572,2.147760985,4,1850,1810,2
265,84,p630,66.93229624,49.10770039,66.10449762936166,27.333761617762363,0.9506115959999999,1.2,1850,1811,1
266,84,p631,65.97366361,49.26623616,65.39295297787402,28.74992987511827,0.564495016,1.2,1850,1812,1
267,85,p415,56.40385944,35.26185996,44.577245128062984,49.11990141824663,0.9472025940000001,1.2,1688,1667,1
268,85,p416,56.56759983,36.10510846,44.59986012986236,49.466075348494655,0.7576620479999999,1.2,1688,1668,1
269,85,p417,56.10260726,34.87419738,43.11861741503418,47.752180260692946,1.5630877719999998,1.2,1688,1670,1
270,85,v138,67.38560048,45.2507432,22.788738242693213,20.397118640126287,4.538316743999999,4,1688,1666,2
271,86,v111,46.02578913,29.81218743,87.73827779244778,54.695240074097015,2.53932779,4,1686,1658,2
272,86,p415,56.40385944,35.26185996,45.50041414596535,47.989667920392684,0.9472025940000001,1.2,1686,1667,1
273,86,p416,56.56759983,36.10510846,45.55695389753009,48.11544468348845,0.7576620479999999,1.2,1686,1668,1
274,86,p417,56.10260726,34.87419738,43.39747625765452,45.83671219794091,1.5630877719999998,1.2,1686,1670,1
275,86,p375,53.264358400000006,40.38205655,61.7546951701012,23.652386422802042,0.8888405159999999,1.2,1684,1660,1
276,86,p376,52.39180526,41.28484738,57.983617060821814,19.00054359982488,0.901108391,1.2,1686,1658,1
277,87,p445,69.77976391,37.69715614,52.64452554099692,39.0508191672683,1.083850531,1.2,1526,1478,1
278,87,v104,37.4727321,23.93438024,110.99906349721078,67.19013960628538,2.154519268,4,1526,1478,2
279,88,v94,35.67824699,22.52135249,110.12157559051695,68.43802885849422,4.054403352,4,1322,1288,2
280,88,p387,43.20509599,24.29826912,44.88021828324848,49.933195066956955,0.538895945,1.2,1323,1289,1
281,89,v96,34.10260051,21.069383300000002,76.87424135304846,52.209248543743655,3.809059945,4,1323,1307,2
282,89,p388,55.31471584,30.17665918,47.94248380204594,40.42508643980399,1.24795565,1.2,1323,1312,1
283,90,v109,41.566421399999996,27.27377849,98.46414544399974,63.043271360323864,3.59025376,4,1630,1602,2
284,90,p476,56.53338457,40.12914011,74.27834024189191,28.558312878477967,0.9079868720000001,1.2,1630,1602,1
285,90,p477,56.61190948,40.45298377,74.8223678501478,29.159621065307405,1.008231637,1.2,1630,1602,1
286,91,v121,65.73571713,44.39683684,1.5998293859848332,9.567677260974605,2.243527121,4,1305,1276,2
287,91,p350,48.9257647,40.87501645,60.200076979633174,19.274652205194183,0.870224275,1.2,1305,1272,1
288,91,p349,49.90260345,41.32817736,60.06777201404052,18.976372975598842,1.0510859890000002,1.2,1305,1272,1
289,92,v100,42.19724324,27.251527600000003,109.77997946368376,69.15503850999812,4.487021700000001,4,1472,1440,2
290,92,p473,57.69311099,44.2702415,69.06947992789034,27.4550292882672,0.8887129340000001,1.2,1472,1441,1
291,93,p478,63.77635052,46.96506386,79.77971897294607,29.702916649202322,0.22908184,1.2,1712,1676,1
292,93,v140,73.77763465,49.63601526,31.4142908432878,25.352171777391593,1.931455405,4,1712,1675,2
293,94,v112,42.46899608,28.1067573,108.10358303652234,66.8365860545303,5.024492594,4,1743,1689,2
294,94,p458,75.27956805,38.94610484,54.502405790885845,53.705060142057874,1.272486657,1.2,1743,1690,1
295,95,p553,52.68694517,31.78684202,45.718613206182155,52.52874785060461,0.234727938,1.2,1833,1796,1
296,95,p554,52.1251506,31.59954557,44.907182721637106,51.434973737781526,0.469245949,1.2,1832,1796,1
297,95,p555,51.93417533,29.1964277,52.065414204303686,51.776980666907164,1.7414083280000001,1.2,1826,1796,1
298,95,p481,49.93306547,41.45697127,59.82631036448228,18.656938007597457,1.56633923,1.2,1836,1810,1
299,95,p482,49.14792842,41.65991376,59.65638381945177,17.826971431743456,1.411413512,1.2,1837,1810,1
300,96,v10,55.32019521,35.22837205,93.13525034785496,57.47946207972382,0.05129646,4.0,444,418,2
301,96,v34,75.39487081,50.94201876,29.8211118079735,24.755596291074784,0.943229085,4.0,444,418,2
302,96,p119,63.42527354,34.48700913,54.81006162118477,52.922617342206266,0.9943210379999999,1.2,444,420,1
303,96,p120,63.8148706,34.75360652,56.39956119205369,54.89314169666389,0.8644573609999999,1.2,444,420,1
304,97,v40,47.91489033,30.46362337,101.74736032867713,61.56920019827382,1.101944623,4.0,654,626,2
305,97,v68,81.78475082,53.6536287,37.57974948065517,28.665790913950087,1.074809653,4.0,654,626,2
306,97,p280,71.18381991,42.1656139,56.64220399805299,54.07591912412121,0.320235454,1.2,654,626,1
307,97,p281,70.74521941,40.67903673,57.86683934749141,54.46013635497016,0.43848048,1.2,654,626,1
308,97,p282,72.25657627,42.25930955,56.96820509286665,54.34128723758137,0.21673662300000002,1.2,654,626,1
300,97,p283,71.17449104,41.17194447,55.877332599459514,53.952442634939224,0.51083474,1.2,654,626,1
310,98,v40,49.43306815,31.46333015,94.84848263753135,58.93444739461933,2.06466388,4.0,646,628,2
311,98,v67,70.00285105,47.00538577,24.87886662581044,21.523342424056988,4.013070002,4.0,646,631,2
312,98,p321,58.08027431,45.08768172,66.02254835299539,34.44150089655959,0.736592941,1.2,646,631,1
313,99,v45,22.59972819,11.48343342,58.66249581481396,36.72763420933428,2.67074266,4.0,692,676,2
314,99,v68,51.02253983,36.52395647,1.6021933290077683,8.671391088639979,3.78261286,4.0,692,672,2
315,99,p228,33.22276836,17.23520561,23.556126021528414,33.33887225873104,1.9548232909999999,1.2,692,672,1
316,99,p171,31.27168781,25.1002837,36.56411090681938,7.807330585631314,1.321166632,1.2,692,672,1
317,100,v301,37.35837769,21.732275899999998,70.28506643804616,53.88350104083287,0.0,4.0,913,893,2
318,100,v80,63.32355631,43.08868621,12.607040618395928,13.272590151359609,2.43274725,4.0,913,892,2
319,100,p209,43.33976269,34.3687875,30.713343362326587,28.420949576584732,0.5940385,1.2,913,895,1
320,101,v93,25.79502825,14.782403599999999,81.2479620651566,55.53622049074382,3.4808452819999998,4.0,1300,1276,2
321,101,v121,65.73571713,44.39683684,14.196615164334808,18.469351927131406,2.243527121,4.0,1300,1276,2
322,101,p349,51.09901192,40.1957054,59.14062073549917,22.708150950137696,0.537263742,1.2,1300,1276,1
323,101,p350,49.94245138,39.78886556,59.34808711270902,23.395522866109864,0.6051016539999999,1.2,1300,1276,1
324,102,v97,51.78741837,32.53127216,97.42154817907463,60.952583374418055,1.27025189,4.0,1420,1392,2
325,102,v128,70.32724059,47.85422519,29.764045646381703,23.155105518724746,1.548399345,4.0,1420,1392,2
326,102,p437,64.58701325,37.35936017,51.85877128844132,53.00002686506597,0.099575513,1.2,1420,1392,1
327,102,p438,63.84173638,37.16571538,51.26639426013859,51.76942431256764,0.067750496,1.2,1420,1392,1
328,102,v127,62.64457837,42.81137697,10.275332271167102,13.596469917140613,1.98997076,4.0,1420,1392,2
329,103,v199,50.58545072,33.22929904,86.8347987841266,51.98809322202012,2.165829149,4.0,2526,2506,2
330,103,p761,56.00365378,35.9603346,46.29368908288705,51.09944756131048,2.709873654,1.2,2524,2509,1
331,103,p762,55.54941034,35.92835502,45.38265012662654,51.58035962275157,2.865489132,1.2,2525,2510,1
332,103,v229,58.44457164,40.89042996,22.384889673286885,21.611282954197854,0.24033591199999998,4.0,2526,2506,2
333,103,p688,50.63896975,41.40635671,58.035437627916586,27.213721447196676,1.094767689,1.2,2526,2510,1
334,104,v212,57.23780606,36.70100746,97.65236672445182,59.56242738014012,1.2117814120000001,4.0,2872,2856,2
335,104,v243,66.70555016,45.38641686,30.008340906911357,24.179355067315836,2.387813443,4.0,2872,2860,2
336,104,p867,66.21532409,37.05312258,55.61383257233765,44.417605446540385,0.549790118,1.2,2872,2856,1